Workbook

Sheet Dashboard
A1: PST — ELECTRICITY & ENERGY DASHBOARD 2026
A4: KEY FIGURES (Year-to-date, Jan–Jun 2026)
A5: Total Consumption | D5: Machine (Process) | G5: Facility (Support)
A6: =SUM('Source Data'!O38,'Source Data'!O70) -> 3892572 | D6: ='Source Data'!O38 -> 1504283 | G6: ='Source Data'!O70 -> 2388289
A8: Machine Share | D8: Facility Share | G8: Latest Month (Jun)
A9: ='Source Data'!O38/SUM('Source Data'!O38,'Source Data'!O70) -> 0.38644963 | D9: ='Source Data'!O70/SUM('Source Data'!O38,'Source Data'!O70) -> 0.61355037 | G9: =SUM('Source Data'!H38,'Source Data'!H70) -> 672867
A12: MONTHLY CONSUMPTION (kWh) | F12: FACILITY BREAKDOWN — YTD (kWh)
A13: Month | B13: Machine | C13: Facility | D13: Total | F13: Category | G13: kWh | H13: % of Facility
A14: Jan | B14: ='Source Data'!C38 -> 272697 | C14: ='Source Data'!C70 -> 345965 | D14: =B14+C14 -> 618662 | F14: Chillers & Cooling Towers | G14: =SUMIFS('Source Data'!$O$43:$O$69,'Source Data'!$B$43:$B$69,$F14) -> 1268597 | H14: =IFERROR(G14/$G$22,0) -> 0.53117399
A15: Feb | B15: ='Source Data'!D38 -> 217880 | C15: ='Source Data'!D70 -> 415654 | D15: =B15+C15 -> 633534 | F15: HVAC / Air Conditioning | G15: =SUMIFS('Source Data'!$O$43:$O$69,'Source Data'!$B$43:$B$69,$F15) -> 291805 | H15: =IFERROR(G15/$G$22,0) -> 0.12218161
A16: Mar | B16: ='Source Data'!E38 -> 273042 | C16: ='Source Data'!E70 -> 343456 | D16: =B16+C16 -> 616498 | F16: Compressed Air | G16: =SUMIFS('Source Data'!$O$43:$O$69,'Source Data'!$B$43:$B$69,$F16) -> 210632 | H16: =IFERROR(G16/$G$22,0) -> 0.088193682
A17: Apr | B17: ='Source Data'!F38 -> 215321 | C17: ='Source Data'!F70 -> 415505 | D17: =B17+C17 -> 630826 | F17: Lighting & Small Power | G17: =SUMIFS('Source Data'!$O$43:$O$69,'Source Data'!$B$43:$B$69,$F17) -> 66261 | H17: =IFERROR(G17/$G$22,0) -> 0.02774413
A18: May | B18: ='Source Data'!G38 -> 274525 | C18: ='Source Data'!G70 -> 445660 | D18: =B18+C18 -> 720185 | F18: Water Treatment | G18: =SUMIFS('Source Data'!$O$43:$O$69,'Source Data'!$B$43:$B$69,$F18) -> 26942 | H18: =IFERROR(G18/$G$22,0) -> 0.011280879
A19: Jun | B19: ='Source Data'!H38 -> 250818 | C19: ='Source Data'!H70 -> 422049 | D19: =B19+C19 -> 672867 | F19: Scrubbers / Exhaust | G19: =SUMIFS('Source Data'!$O$43:$O$69,'Source Data'!$B$43:$B$69,$F19) -> 162058 | H19: =IFERROR(G19/$G$22,0) -> 0.067855272
A20: Jul | B20: ='Source Data'!I38 -> 0 | C20: ='Source Data'!I70 -> 0 | D20: =B20+C20 -> 0 | F20: Dust Collection | G20: =SUMIFS('Source Data'!$O$43:$O$69,'Source Data'!$B$43:$B$69,$F20) -> 93804 | H20: =IFERROR(G20/$G$22,0) -> 0.039276654
A21: Aug | B21: ='Source Data'!J38 -> 0 | C21: ='Source Data'!J70 -> 0 | D21: =B21+C21 -> 0 | F21: Other / Process Support | G21: =SUMIFS('Source Data'!$O$43:$O$69,'Source Data'!$B$43:$B$69,$F21) -> 268190 | H21: =IFERROR(G21/$G$22,0) -> 0.11229378
A22: Sep | B22: ='Source Data'!K38 -> 0 | C22: ='Source Data'!K70 -> 0 | D22: =B22+C22 -> 0 | F22: Total | G22: =SUM(G14:G21) -> 2388289 | H22: 1
A23: Oct | B23: ='Source Data'!L38 -> 0 | C23: ='Source Data'!L70 -> 0 | D23: =B23+C23 -> 0
A24: Nov | B24: ='Source Data'!M38 -> 0 | C24: ='Source Data'!M70 -> 0 | D24: =B24+C24 -> 0
A25: Dec | B25: ='Source Data'!N38 -> 0 | C25: ='Source Data'!N70 -> 0 | D25: =B25+C25 -> 0
A26: Total | B26: =SUM(B14:B25) -> 1504283 | C26: =SUM(C14:C25) -> 2388289 | D26: =SUM(D14:D25) -> 3892572
A29: PRODUCTION & ENERGY INTENSITY (main-meter basis, Jan–May)
A30: Month | B30: Output (m²) | C30: Power (kWh) | D30: kWh/m² | E30: Target kWh/ft² | F30: Actual kWh/ft²
A31: Jan | B31: 3917 | C31: 643059 | D31: =IFERROR(C31/B31,0) -> 164.1713 | E31: 12 | F31: =IFERROR(C31/(B31*10.7639),0) -> 15.252028
A32: Feb | B32: 4509.2 | C32: 574587 | D32: =IFERROR(C32/B32,0) -> 127.42549 | E32: 12 | F32: =IFERROR(C32/(B32*10.7639),0) -> 11.838226
A33: Mar | B33: 6361.4 | C33: 710322 | D33: =IFERROR(C33/B33,0) -> 111.66127 | E33: 12 | F33: =IFERROR(C33/(B33*10.7639),0) -> 10.373681
A34: Apr | B34: 5379.2 | C34: 628979 | D34: =IFERROR(C34/B34,0) -> 116.92798 | E34: 11 | F34: =IFERROR(C34/(B34*10.7639),0) -> 10.862975
A35: May | B35: 6639.3 | C35: 737707 | D35: =IFERROR(C35/B35,0) -> 111.11217 | E35: 11 | F35: =IFERROR(C35/(B35*10.7639),0) -> 10.322668
A36: Note: Output/power on this table use the plant main meter and will differ slightly from the sub-metered totals above (shared/unmetered loads).
H72: Machine | I72: ='Source Data'!O38 -> 1504283
H73: Facility | I73: ='Source Data'!O70 -> 2388289

Sheet Source Data
A1: SOURCE DATA — Sub-metered monthly electricity (kWh)
A4: MACHINE (Process) sub-meters
A5: Machine / Sub-meter | B5: Process Step | C5: Jan | D5: Feb | E5: Mar | F5: Apr | G5: May | H5: Jun | I5: Jul | J5: Aug | K5: Sep | L5: Oct | M5: Nov | N5: Dec | O5: Total
A6: PP-17 | B6: 14 - Solder Mask | C6: 1754 | D6: 1307 | E6: 1867 | F6: 1830 | G6: 2150 | H6: 2440 | I6: 0 | J6: 0 | K6: 0 | L6: 0 | M6: 0 | N6: 0 | O6: =SUM(C6:N6) -> 11348
A7: DEVERLOP S/M เก่า | B7: 14 - Solder Mask | C7: 5006 | D7: 3965 | E7: 5848 | F7: 6307 | G7: 7928 | H7: 7911 | I7: 0 | J7: 0 | K7: 0 | L7: 0 | M7: 0 | N7: 0 | O7: =SUM(C7:N7) -> 36965
A8: IMMT | B8: 21 - Immersion Tin | C8: 15401 | D8: 14614 | E8: 17959 | F8: 7155 | G8: 13269 | H8: 7259 | I8: 0 | J8: 0 | K8: 0 | L8: 0 | M8: 0 | N8: 0 | O8: =SUM(C8:N8) -> 75657
A9: E-CLIP ตู้ที่1 | B9: 8 - Eclipse (Desmear/PTH) | C9: 3665 | D9: 2570 | E9: 3636 | F9: 3004 | G9: 4236 | H9: 4272 | I9: 0 | J9: 0 | K9: 0 | L9: 0 | M9: 0 | N9: 0 | O9: =SUM(C9:N9) -> 21383
A10: IMMERSION GOLD | B10: 17 - Immersion Gold (ENIG) | C10: 43 | D10: 28 | E10: 52 | F10: 50 | G10: 38 | H10: 29 | I10: 0 | J10: 0 | K10: 0 | L10: 0 | M10: 0 | N10: 0 | O10: =SUM(C10:N10) -> 240
A11: POST-TREATMENT CLEANING | B11: 17 - Immersion Gold (ENIG) | C11: 0 | D11: 1 | E11: 1 | F11: 1 | G11: 1 | H11: 1 | I11: 0 | J11: 0 | K11: 0 | L11: 0 | M11: 0 | N11: 0 | O11: =SUM(C11:N11) -> 5
A12: SANDBLASTING GRINDING | B12: 17 - Immersion Gold (ENIG) | C12: 2928 | D12: 2715 | E12: 3736 | F12: 3038 | G12: 2888 | H12: 2851 | I12: 0 | J12: 0 | K12: 0 | L12: 0 | M12: 0 | N12: 0 | O12: =SUM(C12:N12) -> 18156
A13: ANTIOXIDENT OSP | B13: 16 - Carbon | C13: 0 | D13: 0 | E13: 0 | F13: 0 | G13: 0 | H13: 1749 | I13: 0 | J13: 0 | K13: 0 | L13: 0 | M13: 0 | N13: 0 | O13: =SUM(C13:N13) -> 1749
A14: SPRAY TIN POST-PROCESSING MACHINE L/F | B14: 18 - HASL (Lead-Free) | C14: 1412 | D14: 1752 | E14: 2247 | F14: 2334 | G14: 2722 | H14: 2842 | I14: 0 | J14: 0 | K14: 0 | L14: 0 | M14: 0 | N14: 0 | O14: =SUM(C14:N14) -> 13309
A15: TIN SPRAY PRE-TREATMENT MACHINE L/F | B15: 18 - HASL (Lead-Free) | C15: 1481 | D15: 2008 | E15: 2403 | F15: 2157 | G15: 2456 | H15: 2723 | I15: 0 | J15: 0 | K15: 0 | L15: 0 | M15: 0 | N15: 0 | O15: =SUM(C15:N15) -> 13228
A16: ETCHING AND FILM STRIPPING | B16: 4 - Acid Etch | C16: 2817 | D16: 2874 | E16: 2847 | F16: 2668 | G16: 3871 | H16: 3463 | I16: 0 | J16: 0 | K16: 0 | L16: 0 | M16: 0 | N16: 0 | O16: =SUM(C16:N16) -> 18540
A17: BROWNING MACHINE | B17: 3 - Inner Layer Etching | C17: 0 | D17: 81 | E17: 0 | F17: 0 | G17: 355 | H17: 552 | I17: 0 | J17: 0 | K17: 0 | L17: 0 | M17: 0 | N17: 0 | O17: =SUM(C17:N17) -> 988
... A37: PP-10 | B37: 1 - Board Cut | C37: 5214 | D37: 6382 | E37: 7029 | F37: 7260 | G37: 7059 | H37: 7333 | I37: 0 | J37: 0 | K37: 0 | L37: 0 | M37: 0 | N37: 0 | O37: =SUM(C37:N37) -> 40277
B38: TOTAL — Machine | C38: =SUM(C6:C37) -> 272697 | D38: =SUM(D6:D37) -> 217880 | E38: =SUM(E6:E37) -> 273042 | F38: =SUM(F6:F37) -> 215321 | G38: =SUM(G6:G37) -> 274525 | H38: =SUM(H6:H37) -> 250818 | I38: =SUM(I6:I37) -> 0 | J38: =SUM(J6:J37) -> 0 | ... O38: =SUM(O6:O37) -> 1504283
A41: FACILITY / Support sub-meters
A42: Facility / Sub-meter | B42: Category | C42: Jan | D42: Feb | E42: Mar | F42: Apr | G42: May | H42: Jun | I42: Jul | J42: Aug | K42: Sep | L42: Oct | M42: Nov | N42: Dec | O42: Total
A43: CHILLER 1,2 | B43: Chillers & Cooling Towers | C43: 118085 | D43: 123184 | E43: 150132 | F43: 159101 | G43: 165042 | H43: 156856 | I43: 0 | J43: 0 | K43: 0 | L43: 0 | M43: 0 | N43: 0 | O43: =SUM(C43:N43) -> 872400
A44: AIR COMP 2 | B44: Compressed Air | C44: 13866 | D44: 10787 | E44: 10769 | F44: 14904 | G44: 17952 | H44: 17238 | I44: 0 | J44: 0 | K44: 0 | L44: 0 | M44: 0 | N44: 0 | O44: =SUM(C44:N44) -> 85516
A45: PP-COMP | B45: Compressed Air | C45: 18866 | D45: 21237 | E45: 23498 | F45: 505 | G45: 0 | H45: 0 | I45: 0 | J45: 0 | K45: 0 | L45: 0 | M45: 0 | N45: 0 | O45: =SUM(C45:N45) -> 64106
A46: PAC-1 | B46: HVAC / Air Conditioning | C46: 12980 | D46: 15183 | E46: 11291 | F46: 14401 | G46: 19505 | H46: 17059 | I46: 0 | J46: 0 | K46: 0 | L46: 0 | M46: 0 | N46: 0 | O46: =SUM(C46:N46) -> 90419
A47: FRESH AIR | B47: HVAC / Air Conditioning | C47: 17 | D47: 14 | E47: 15 | F47: 20 | G47: 20 | H47: 24 | I47: 0 | J47: 0 | K47: 0 | L47: 0 | M47: 0 | N47: 0 | O47: =SUM(C47:N47) -> 110
A48: SCRUBER ACID 37 KW | B48: Scrubbers / Exhaust | C48: 948 | D48: 877 | E48: 969 | F48: 1118 | G48: 1221 | H48: 1115 | I48: 0 | J48: 0 | K48: 0 | L48: 0 | M48: 0 | N48: 0 | O48: =SUM(C48:N48) -> 6248
A49: SCRUBER AKLINE 15 KW | B49: Scrubbers / Exhaust | C49: 5908 | D49: 6377 | E49: 7284 | F49: 7438 | G49: 7233 | H49: 7639 | I49: 0 | J49: 0 | K49: 0 | L49: 0 | M49: 0 | N49: 0 | O49: =SUM(C49:N49) -> 41879
A50: WATERTREATMENT PLANT น้ำดี | B50: Water Treatment | C50: 159 | D50: 129 | E50: 178 | F50: 159 | G50: 205 | H50: 205 | I50: 0 | J50: 0 | K50: 0 | L50: 0 | M50: 0 | N50: 0 | O50: =SUM(C50:N50) -> 1035
A51: WATERTREATMENT PLANT น้ำชั้น 2 | B51: Water Treatment | C51: 3998 | D51: 3098 | E51: 4409 | F51: 4063 | G51: 4891 | H51: 5448 | I51: 0 | J51: 0 | K51: 0 | L51: 0 | M51: 0 | N51: 0 | O51: =SUM(C51:N51) -> 25907
A52: DB 5 - IMMG | B52: Chillers & Cooling Towers | C52: 7806 | D52: 6417 | E52: 10858 | F52: 9932 | G52: 8114 | H52: 13304 | I52: 0 | J52: 0 | K52: 0 | L52: 0 | M52: 0 | N52: 0 | O52: =SUM(C52:N52) -> 56431
A53: DB 6 - L/F | B53: Scrubbers / Exhaust | C53: 9239 | D53: 11769 | E53: 14172 | F53: 12641 | G53: 16058 | H53: 16628 | I53: 0 | J53: 0 | K53: 0 | L53: 0 | M53: 0 | N53: 0 | O53: =SUM(C53:N53) -> 80507
A54: DB 4 - INNER | B54: HVAC / Air Conditioning | C54: 6108 | D54: 6163 | E54: 6430 | F54: 6123 | G54: 8069 | H54: 8824 | I54: 0 | J54: 0 | K54: 0 | L54: 0 | M54: 0 | N54: 0 | O54: =SUM(C54:N54) -> 41717
... A69: DB 3 - W/H | B69: HVAC / Air Conditioning | C69: 4498 | D69: 5008 | E69: 5893 | F69: 6272 | G69: 5836 | H69: 5644 | I69: 0 | J69: 0 | K69: 0 | L69: 0 | M69: 0 | N69: 0 | O69: =SUM(C69:N69) -> 33151
B70: TOTAL — Facility | C70: =SUM(C43:C69) -> 345965 | D70: =SUM(D43:D69) -> 415654 | E70: =SUM(E43:E69) -> 343456 | F70: =SUM(F43:F69) -> 415505 | G70: =SUM(G43:G69) -> 445660 | H70: =SUM(H43:H69) -> 422049 | I70: =SUM(I43:I69) -> 0 | J70: =SUM(J43:J69) -> 0 | ... O70: =SUM(O43:O69) -> 2388289

Sheet Machine Analysis
A1: MACHINE-WISE MONTHLY ELECTRICITY CONSUMPTION — ANOMALY ANALYSIS
A3: Legend: | B3: High ( > +5% ) | C3: Low ( < −5% ) | E3: Within ±5% = not shaded
A5: 1) MONTHLY CONSUMPTION (kWh) — shaded when > ±5% from the machine average
A6: Machine / Sub-meter | B6: Process Step | C6: Jan | D6: Feb | E6: Mar | F6: Apr | G6: May | H6: Jun | I6: Avg (Jan–Jun) | J6: Min | K6: Max
A7: PP-17 | B7: 14 - Solder Mask | C7: ='[1]Source Data'!C6 -> 1754 | D7: ='[1]Source Data'!D6 -> 1307 | E7: ='[1]Source Data'!E6 -> 1867 | F7: ='[1]Source Data'!F6 -> 1830 | G7: ='[1]Source Data'!G6 -> 2150 | H7: ='[1]Source Data'!H6 -> 2440 | I7: =AVERAGE('[1]Source Data'!C6:H6) -> 1891.3333 | J7: =MIN(C7:H7) -> 1307 | K7: =MAX(C7:H7) -> 2440
A8: DEVERLOP S/M เก่า | B8: 14 - Solder Mask | C8: ='[1]Source Data'!C7 -> 5006 | D8: ='[1]Source Data'!D7 -> 3965 | E8: ='[1]Source Data'!E7 -> 5848 | F8: ='[1]Source Data'!F7 -> 6307 | G8: ='[1]Source Data'!G7 -> 7928 | H8: ='[1]Source Data'!H7 -> 7911 | I8: =AVERAGE('[1]Source Data'!C7:H7) -> 6160.8333 | J8: =MIN(C8:H8) -> 3965 | K8: =MAX(C8:H8) -> 7928
A9: IMMT | B9: 21 - Immersion Tin | C9: ='[1]Source Data'!C8 -> 15401 | D9: ='[1]Source Data'!D8 -> 14614 | E9: ='[1]Source Data'!E8 -> 17959 | F9: ='[1]Source Data'!F8 -> 7155 | G9: ='[1]Source Data'!G8 -> 13269 | H9: ='[1]Source Data'!H8 -> 7259 | I9: =AVERAGE('[1]Source Data'!C8:H8) -> 12609.5 | J9: =MIN(C9:H9) -> 7155 | K9: =MAX(C9:H9) -> 17959
A10: E-CLIP ตู้ที่1 | B10: 8 - Eclipse (Desmear/PTH) | C10: ='[1]Source Data'!C9 -> 3665 | D10: ='[1]Source Data'!D9 -> 2570 | E10: ='[1]Source Data'!E9 -> 3636 | F10: ='[1]Source Data'!F9 -> 3004 | G10: ='[1]Source Data'!G9 -> 4236 | H10: ='[1]Source Data'!H9 -> 4272 | I10: =AVERAGE('[1]Source Data'!C9:H9) -> 3563.8333 | J10: =MIN(C10:H10) -> 2570 | K10: =MAX(C10:H10) -> 4272
A11: IMMERSION GOLD | B11: 17 - Immersion Gold (ENIG) | C11: ='[1]Source Data'!C10 -> 43 | D11: ='[1]Source Data'!D10 -> 28 | E11: ='[1]Source Data'!E10 -> 52 | F11: ='[1]Source Data'!F10 -> 50 | G11: ='[1]Source Data'!G10 -> 38 | H11: ='[1]Source Data'!H10 -> 29 | I11: =AVERAGE('[1]Source Data'!C10:H10) -> 40 | J11: =MIN(C11:H11) -> 28 | K11: =MAX(C11:H11) -> 52
A12: POST-TREATMENT CLEANING | B12: 17 - Immersion Gold (ENIG) | C12: ='[1]Source Data'!C11 -> 0 | D12: ='[1]Source Data'!D11 -> 1 | E12: ='[1]Source Data'!E11 -> 1 | F12: ='[1]Source Data'!F11 -> 1 | G12: ='[1]Source Data'!G11 -> 1 | H12: ='[1]Source Data'!H11 -> 1 | I12: =AVERAGE('[1]Source Data'!C11:H11) -> 0.83333333 | J12: =MIN(C12:H12) -> 0 | K12: =MAX(C12:H12) -> 1
A13: SANDBLASTING GRINDING | B13: 17 - Immersion Gold (ENIG) | C13: ='[1]Source Data'!C12 -> 2928 | D13: ='[1]Source Data'!D12 -> 2715 | E13: ='[1]Source Data'!E12 -> 3736 | F13: ='[1]Source Data'!F12 -> 3038 | G13: ='[1]Source Data'!G12 -> 2888 | H13: ='[1]Source Data'!H12 -> 2851 | I13: =AVERAGE('[1]Source Data'!C12:H12) -> 3026 | J13: =MIN(C13:H13) -> 2715 | K13: =MAX(C13:H13) -> 3736
A14: ANTIOXIDENT OSP | B14: 16 - Carbon | C14: ='[1]Source Data'!C13 -> 0 | D14: ='[1]Source Data'!D13 -> 0 | E14: ='[1]Source Data'!E13 -> 0 | F14: ='[1]Source Data'!F13 -> 0 | G14: ='[1]Source Data'!G13 -> 0 | H14: ='[1]Source Data'!H13 -> 1749 | I14: =AVERAGE('[1]Source Data'!C13:H13) -> 291.5 | J14: =MIN(C14:H14) -> 0 | K14: =MAX(C14:H14) -> 1749
A15: SPRAY TIN POST-PROCESSING MACHINE L/F | B15: 18 - HASL (Lead-Free) | C15: ='[1]Source Data'!C14 -> 1412 | D15: ='[1]Source Data'!D14 -> 1752 | E15: ='[1]Source Data'!E14 -> 2247 | F15: ='[1]Source Data'!F14 -> 2334 | G15: ='[1]Source Data'!G14 -> 2722 | H15: ='[1]Source Data'!H14 -> 2842 | I15: =AVERAGE('[1]Source Data'!C14:H14) -> 2218.1667 | J15: =MIN(C15:H15) -> 1412 | K15: =MAX(C15:H15) -> 2842
A16: TIN SPRAY PRE-TREATMENT MACHINE L/F | B16: 18 - HASL (Lead-Free) | C16: ='[1]Source Data'!C15 -> 1481 | D16: ='[1]Source Data'!D15 -> 2008 | E16: ='[1]Source Data'!E15 -> 2403 | F16: ='[1]Source Data'!F15 -> 2157 | G16: ='[1]Source Data'!G15 -> 2456 | H16: ='[1]Source Data'!H15 -> 2723 | I16: =AVERAGE('[1]Source Data'!C15:H15) -> 2204.6667 | J16: =MIN(C16:H16) -> 1481 | K16: =MAX(C16:H16) -> 2723
A17: ETCHING AND FILM STRIPPING | B17: 4 - Acid Etch | C17: ='[1]Source Data'!C16 -> 2817 | D17: ='[1]Source Data'!D16 -> 2874 | E17: ='[1]Source Data'!E16 -> 2847 | F17: ='[1]Source Data'!F16 -> 2668 | G17: ='[1]Source Data'!G16 -> 3871 | H17: ='[1]Source Data'!H16 -> 3463 | I17: =AVERAGE('[1]Source Data'!C16:H16) -> 3090 | J17: =MIN(C17:H17) -> 2668 | K17: =MAX(C17:H17) -> 3871
A18: BROWNING MACHINE | B18: 3 - Inner Layer Etching | C18: ='[1]Source Data'!C17 -> 0 | D18: ='[1]Source Data'!D17 -> 81 | E18: ='[1]Source Data'!E17 -> 0 | F18: ='[1]Source Data'!F17 -> 0 | G18: ='[1]Source Data'!G17 -> 355 | H18: ='[1]Source Data'!H17 -> 552 | I18: =AVERAGE('[1]Source Data'!C17:H17) -> 164.66667 | J18: =MIN(C18:H18) -> 0 | K18: =MAX(C18:H18) -> 552
... A38: PP-10 | B38: 1 - Board Cut | C38: ='[1]Source Data'!C37 -> 5214 | D38: ='[1]Source Data'!D37 -> 6382 | E38: ='[1]Source Data'!E37 -> 7029 | F38: ='[1]Source Data'!F37 -> 7260 | G38: ='[1]Source Data'!G37 -> 7059 | H38: ='[1]Source Data'!H37 -> 7333 | I38: =AVERAGE('[1]Source Data'!C37:H37) -> 6712.8333 | J38: =MIN(C38:H38) -> 5214 | K38: =MAX(C38:H38) -> 7333
A39: TOTAL — all machines | C39: =SUM(C7:C38) -> 272697 | D39: =SUM(D7:D38) -> 217880 | E39: =SUM(E7:E38) -> 273042 | F39: =SUM(F7:F38) -> 215321 | G39: =SUM(G7:G38) -> 274525 | H39: =SUM(H7:H38) -> 250818 | I39: =SUM(I7:I38) -> 250713.83
A41: 2) DEVIATION FROM MACHINE AVERAGE (%) — same ±5% flags
A42: Machine / Sub-meter | B42: Jan | C42: Feb | D42: Mar | E42: Apr | F42: May | G42: Jun | H42: Max |Δ%|
A43: PP-17 | B43: =IF($I7=0,0,(C7-$I7)/$I7) -> -0.072611914 | C43: =IF($I7=0,0,(D7-$I7)/$I7) -> -0.30895312 | D43: =IF($I7=0,0,(E7-$I7)/$I7) -> -0.012865703 | E43: =IF($I7=0,0,(F7-$I7)/$I7) -> -0.032428622 | F43: =IF($I7=0,0,(G7-$I7)/$I7) -> 0.13676419 | G43: =IF($I7=0,0,(H7-$I7)/$I7) -> 0.29009517 | H43: =MAX(ABS(B43),ABS(C43),ABS(D43),ABS(E43),ABS(F43),ABS(G43)) -> 0.30895312
A44: DEVERLOP S/M เก่า | B44: =IF($I8=0,0,(C8-$I8)/$I8) -> -0.18744759 | C44: =IF($I8=0,0,(D8-$I8)/$I8) -> -0.35641823 | D44: =IF($I8=0,0,(E8-$I8)/$I8) -> -0.050777763 | E44: =IF($I8=0,0,(F8-$I8)/$I8) -> 0.023725145 | F44: =IF($I8=0,0,(G8-$I8)/$I8) -> 0.2868389 | G44: =IF($I8=0,0,(H8-$I8)/$I8) -> 0.28407953 | H44: =MAX(ABS(B44),ABS(C44),ABS(D44),ABS(E44),ABS(F44),ABS(G44)) -> 0.35641823
A45: IMMT | B45: =IF($I9=0,0,(C9-$I9)/$I9) -> 0.22138071 | C45: =IF($I9=0,0,(D9-$I9)/$I9) -> 0.15896745 | D45: =IF($I9=0,0,(E9-$I9)/$I9) -> 0.42424363 | E45: =IF($I9=0,0,(F9-$I9)/$I9) -> -0.43257068 | F45: =IF($I9=0,0,(G9-$I9)/$I9) -> 0.052301836 | G45: =IF($I9=0,0,(H9-$I9)/$I9) -> -0.42432293 | H45: =MAX(ABS(B45),ABS(C45),ABS(D45),ABS(E45),ABS(F45),ABS(G45)) -> 0.43257068
A46: E-CLIP ตู้ที่1 | B46: =IF($I10=0,0,(C10-$I10)/$I10) -> 0.028387036 | C46: =IF($I10=0,0,(D10-$I10)/$I10) -> -0.27886639 | D46: =IF($I10=0,0,(E10-$I10)/$I10) -> 0.020249731 | E46: =IF($I10=0,0,(F10-$I10)/$I10) -> -0.15708741 | F46: =IF($I10=0,0,(G10-$I10)/$I10) -> 0.18860777 | G46: =IF($I10=0,0,(H10-$I10)/$I10) -> 0.19870926 | H46: =MAX(ABS(B46),ABS(C46),ABS(D46),ABS(E46),ABS(F46),ABS(G46)) -> 0.27886639
A47: IMMERSION GOLD | B47: =IF($I11=0,0,(C11-$I11)/$I11) -> 0.075 | C47: =IF($I11=0,0,(D11-$I11)/$I11) -> -0.3 | D47: =IF($I11=0,0,(E11-$I11)/$I11) -> 0.3 | E47: =IF($I11=0,0,(F11-$I11)/$I11) -> 0.25 | F47: =IF($I11=0,0,(G11-$I11)/$I11) -> -0.05 | G47: =IF($I11=0,0,(H11-$I11)/$I11) -> -0.275 | H47: =MAX(ABS(B47),ABS(C47),ABS(D47),ABS(E47),ABS(F47),ABS(G47)) -> 0.3
A48: POST-TREATMENT CLEANING | B48: =IF($I12=0,0,(C12-$I12)/$I12) -> -1 | C48: =IF($I12=0,0,(D12-$I12)/$I12) -> 0.2 | D48: =IF($I12=0,0,(E12-$I12)/$I12) -> 0.2 | E48: =IF($I12=0,0,(F12-$I12)/$I12) -> 0.2 | F48: =IF($I12=0,0,(G12-$I12)/$I12) -> 0.2 | G48: =IF($I12=0,0,(H12-$I12)/$I12) -> 0.2 | H48: =MAX(ABS(B48),ABS(C48),ABS(D48),ABS(E48),ABS(F48),ABS(G48)) -> 1
A49: SANDBLASTING GRINDING | B49: =IF($I13=0,0,(C13-$I13)/$I13) -> -0.032385988 | C49: =IF($I13=0,0,(D13-$I13)/$I13) -> -0.10277594 | D49: =IF($I13=0,0,(E13-$I13)/$I13) -> 0.23463318 | E49: =IF($I13=0,0,(F13-$I13)/$I13) -> 0.0039656312 | F49: =IF($I13=0,0,(G13-$I13)/$I13) -> -0.045604759 | G49: =IF($I13=0,0,(H13-$I13)/$I13) -> -0.057832122 | H49: =MAX(ABS(B49),ABS(C49),ABS(D49),ABS(E49),ABS(F49),ABS(G49)) -> 0.23463318
A50: ANTIOXIDENT OSP | B50: =IF($I14=0,0,(C14-$I14)/$I14) -> -1 | C50: =IF($I14=0,0,(D14-$I14)/$I14) -> -1 | D50: =IF($I14=0,0,(E14-$I14)/$I14) -> -1 | E50: =IF($I14=0,0,(F14-$I14)/$I14) -> -1 | F50: =IF($I14=0,0,(G14-$I14)/$I14) -> -1 | G50: =IF($I14=0,0,(H14-$I14)/$I14) -> 5 | H50: =MAX(ABS(B50),ABS(C50),ABS(D50),ABS(E50),ABS(F50),ABS(G50)) -> 5
A51: SPRAY TIN POST-PROCESSING MACHINE L/F | B51: =IF($I15=0,0,(C15-$I15)/$I15) -> -0.36343827 | C51: =IF($I15=0,0,(D15-$I15)/$I15) -> -0.21015854 | D51: =IF($I15=0,0,(E15-$I15)/$I15) -> 0.012998723 | E51: =IF($I15=0,0,(F15-$I15)/$I15) -> 0.052220302 | F51: =IF($I15=0,0,(G15-$I15)/$I15) -> 0.22713953 | G51: =IF($I15=0,0,(H15-$I15)/$I15) -> 0.28123826 | H51: =MAX(ABS(B51),ABS(C51),ABS(D51),ABS(E51),ABS(F51),ABS(G51)) -> 0.36343827
A52: TIN SPRAY PRE-TREATMENT MACHINE L/F | B52: =IF($I16=0,0,(C16-$I16)/$I16) -> -0.32824312 | C52: =IF($I16=0,0,(D16-$I16)/$I16) -> -0.089204717 | D52: =IF($I16=0,0,(E16-$I16)/$I16) -> 0.089960689 | E52: =IF($I16=0,0,(F16-$I16)/$I16) -> -0.021620804 | F52: =IF($I16=0,0,(G16-$I16)/$I16) -> 0.1140006 | G52: =IF($I16=0,0,(H16-$I16)/$I16) -> 0.23510735 | H52: =MAX(ABS(B52),ABS(C52),ABS(D52),ABS(E52),ABS(F52),ABS(G52)) -> 0.32824312
A53: ETCHING AND FILM STRIPPING | B53: =IF($I17=0,0,(C17-$I17)/$I17) -> -0.088349515 | C53: =IF($I17=0,0,(D17-$I17)/$I17) -> -0.069902913 | D53: =IF($I17=0,0,(E17-$I17)/$I17) -> -0.078640777 | E53: =IF($I17=0,0,(F17-$I17)/$I17) -> -0.13656958 | F53: =IF($I17=0,0,(G17-$I17)/$I17) -> 0.25275081 | G53: =IF($I17=0,0,(H17-$I17)/$I17) -> 0.12071197 | H53: =MAX(ABS(B53),ABS(C53),ABS(D53),ABS(E53),ABS(F53),ABS(G53)) -> 0.25275081
A54: BROWNING MACHINE | B54: =IF($I18=0,0,(C18-$I18)/$I18) -> -1 | C54: =IF($I18=0,0,(D18-$I18)/$I18) -> -0.50809717 | D54: =IF($I18=0,0,(E18-$I18)/$I18) -> -1 | E54: =IF($I18=0,0,(F18-$I18)/$I18) -> -1 | F54: =IF($I18=0,0,(G18-$I18)/$I18) -> 1.1558704 | G54: =IF($I18=0,0,(H18-$I18)/$I18) -> 2.3522267 | H54: =MAX(ABS(B54),ABS(C54),ABS(D54),ABS(E54),ABS(F54),ABS(G54)) -> 2.3522267
... A74: PP-10 | B74: =IF($I38=0,0,(C38-$I38)/$I38) -> -0.22327879 | C74: =IF($I38=0,0,(D38-$I38)/$I38) -> -0.04928371 | D74: =IF($I38=0,0,(E38-$I38)/$I38) -> 0.047098841 | E74: =IF($I38=0,0,(F38-$I38)/$I38) -> 0.08151054 | F74: =IF($I38=0,0,(G38-$I38)/$I38) -> 0.051567892 | G74: =IF($I38=0,0,(H38-$I38)/$I38) -> 0.092385232 | H74: =MAX(ABS(B74),ABS(C74),ABS(D74),ABS(E74),ABS(F74),ABS(G74)) -> 0.22327879

Sheet Facility Analysis
A1: FACILITY-WISE MONTHLY ELECTRICITY CONSUMPTION — ANOMALY ANALYSIS
A3: Legend: | B3: High ( > +5% ) | C3: Low ( < −5% ) | E3: Within ±5% = not shaded
A5: 1) MONTHLY CONSUMPTION (kWh) — shaded when > ±5% from the facility average
A6: Facility / Sub-meter | B6: Category | C6: Jan | D6: Feb | E6: Mar | F6: Apr | G6: May | H6: Jun | I6: Avg (Jan–Jun) | J6: Min | K6: Max
A7: CHILLER 1,2 | B7: Chillers & Cooling Towers | C7: ='[2]Source Data'!C43 -> 118085 | D7: ='[2]Source Data'!D43 -> 123184 | E7: ='[2]Source Data'!E43 -> 150132 | F7: ='[2]Source Data'!F43 -> 159101 | G7: ='[2]Source Data'!G43 -> 165042 | H7: ='[2]Source Data'!H43 -> 156856 | I7: =AVERAGE('[2]Source Data'!C43:H43) -> 145400 | J7: =MIN(C7:H7) -> 118085 | K7: =MAX(C7:H7) -> 165042
A8: AIR COMP 2 | B8: Compressed Air | C8: ='[2]Source Data'!C44 -> 13866 | D8: ='[2]Source Data'!D44 -> 10787 | E8: ='[2]Source Data'!E44 -> 10769 | F8: ='[2]Source Data'!F44 -> 14904 | G8: ='[2]Source Data'!G44 -> 17952 | H8: ='[2]Source Data'!H44 -> 17238 | I8: =AVERAGE('[2]Source Data'!C44:H44) -> 14252.667 | J8: =MIN(C8:H8) -> 10769 | K8: =MAX(C8:H8) -> 17952
A9: PP-COMP | B9: Compressed Air | C9: ='[2]Source Data'!C45 -> 18866 | D9: ='[2]Source Data'!D45 -> 21237 | E9: ='[2]Source Data'!E45 -> 23498 | F9: ='[2]Source Data'!F45 -> 505 | G9: ='[2]Source Data'!G45 -> 0 | H9: ='[2]Source Data'!H45 -> 0 | I9: =AVERAGE('[2]Source Data'!C45:H45) -> 10684.333 | J9: =MIN(C9:H9) -> 0 | K9: =MAX(C9:H9) -> 23498
A10: PAC-1 | B10: HVAC / Air Conditioning | C10: ='[2]Source Data'!C46 -> 12980 | D10: ='[2]Source Data'!D46 -> 15183 | E10: ='[2]Source Data'!E46 -> 11291 | F10: ='[2]Source Data'!F46 -> 14401 | G10: ='[2]Source Data'!G46 -> 19505 | H10: ='[2]Source Data'!H46 -> 17059 | I10: =AVERAGE('[2]Source Data'!C46:H46) -> 15069.833 | J10: =MIN(C10:H10) -> 11291 | K10: =MAX(C10:H10) -> 19505
A11: FRESH AIR | B11: HVAC / Air Conditioning | C11: ='[2]Source Data'!C47 -> 17 | D11: ='[2]Source Data'!D47 -> 14 | E11: ='[2]Source Data'!E47 -> 15 | F11: ='[2]Source Data'!F47 -> 20 | G11: ='[2]Source Data'!G47 -> 20 | H11: ='[2]Source Data'!H47 -> 24 | I11: =AVERAGE('[2]Source Data'!C47:H47) -> 18.333333 | J11: =MIN(C11:H11) -> 14 | K11: =MAX(C11:H11) -> 24
A12: SCRUBER ACID 37 KW | B12: Scrubbers / Exhaust | C12: ='[2]Source Data'!C48 -> 948 | D12: ='[2]Source Data'!D48 -> 877 | E12: ='[2]Source Data'!E48 -> 969 | F12: ='[2]Source Data'!F48 -> 1118 | G12: ='[2]Source Data'!G48 -> 1221 | H12: ='[2]Source Data'!H48 -> 1115 | I12: =AVERAGE('[2]Source Data'!C48:H48) -> 1041.3333 | J12: =MIN(C12:H12) -> 877 | K12: =MAX(C12:H12) -> 1221
A13: SCRUBER AKLINE 15 KW | B13: Scrubbers / Exhaust | C13: ='[2]Source Data'!C49 -> 5908 | D13: ='[2]Source Data'!D49 -> 6377 | E13: ='[2]Source Data'!E49 -> 7284 | F13: ='[2]Source Data'!F49 -> 7438 | G13: ='[2]Source Data'!G49 -> 7233 | H13: ='[2]Source Data'!H49 -> 7639 | I13: =AVERAGE('[2]Source Data'!C49:H49) -> 6979.8333 | J13: =MIN(C13:H13) -> 5908 | K13: =MAX(C13:H13) -> 7639
A14: WATERTREATMENT PLANT น้ำดี | B14: Water Treatment | C14: ='[2]Source Data'!C50 -> 159 | D14: ='[2]Source Data'!D50 -> 129 | E14: ='[2]Source Data'!E50 -> 178 | F14: ='[2]Source Data'!F50 -> 159 | G14: ='[2]Source Data'!G50 -> 205 | H14: ='[2]Source Data'!H50 -> 205 | I14: =AVERAGE('[2]Source Data'!C50:H50) -> 172.5 | J14: =MIN(C14:H14) -> 129 | K14: =MAX(C14:H14) -> 205
A15: WATERTREATMENT PLANT น้ำชั้น 2 | B15: Water Treatment | C15: ='[2]Source Data'!C51 -> 3998 | D15: ='[2]Source Data'!D51 -> 3098 | E15: ='[2]Source Data'!E51 -> 4409 | F15: ='[2]Source Data'!F51 -> 4063 | G15: ='[2]Source Data'!G51 -> 4891 | H15: ='[2]Source Data'!H51 -> 5448 | I15: =AVERAGE('[2]Source Data'!C51:H51) -> 4317.8333 | J15: =MIN(C15:H15) -> 3098 | K15: =MAX(C15:H15) -> 5448
A16: DB 5 - IMMG | B16: Chillers & Cooling Towers | C16: ='[2]Source Data'!C52 -> 7806 | D16: ='[2]Source Data'!D52 -> 6417 | E16: ='[2]Source Data'!E52 -> 10858 | F16: ='[2]Source Data'!F52 -> 9932 | G16: ='[2]Source Data'!G52 -> 8114 | H16: ='[2]Source Data'!H52 -> 13304 | I16: =AVERAGE('[2]Source Data'!C52:H52) -> 9405.1667 | J16: =MIN(C16:H16) -> 6417 | K16: =MAX(C16:H16) -> 13304
A17: DB 6 - L/F | B17: Scrubbers / Exhaust | C17: ='[2]Source Data'!C53 -> 9239 | D17: ='[2]Source Data'!D53 -> 11769 | E17: ='[2]Source Data'!E53 -> 14172 | F17: ='[2]Source Data'!F53 -> 12641 | G17: ='[2]Source Data'!G53 -> 16058 | H17: ='[2]Source Data'!H53 -> 16628 | I17: =AVERAGE('[2]Source Data'!C53:H53) -> 13417.833 | J17: =MIN(C17:H17) -> 9239 | K17: =MAX(C17:H17) -> 16628
A18: DB 4 - INNER | B18: HVAC / Air Conditioning | C18: ='[2]Source Data'!C54 -> 6108 | D18: ='[2]Source Data'!D54 -> 6163 | E18: ='[2]Source Data'!E54 -> 6430 | F18: ='[2]Source Data'!F54 -> 6123 | G18: ='[2]Source Data'!G54 -> 8069 | H18: ='[2]Source Data'!H54 -> 8824 | I18: =AVERAGE('[2]Source Data'!C54:H54) -> 6952.8333 | J18: =MIN(C18:H18) -> 6108 | K18: =MAX(C18:H18) -> 8824
... A33: DB 3 - W/H | B33: HVAC / Air Conditioning | C33: ='[2]Source Data'!C69 -> 4498 | D33: ='[2]Source Data'!D69 -> 5008 | E33: ='[2]Source Data'!E69 -> 5893 | F33: ='[2]Source Data'!F69 -> 6272 | G33: ='[2]Source Data'!G69 -> 5836 | H33: ='[2]Source Data'!H69 -> 5644 | I33: =AVERAGE('[2]Source Data'!C69:H69) -> 5525.1667 | J33: =MIN(C33:H33) -> 4498 | K33: =MAX(C33:H33) -> 6272
A34: TOTAL — all facilities | C34: =SUM(C7:C33) -> 345965 | D34: =SUM(D7:D33) -> 415654 | E34: =SUM(E7:E33) -> 343456 | F34: =SUM(F7:F33) -> 415505 | G34: =SUM(G7:G33) -> 445660 | H34: =SUM(H7:H33) -> 422049 | I34: =SUM(I7:I33) -> 398048.17
A36: 2) DEVIATION FROM FACILITY AVERAGE (%) — same ±5% flags
A37: Facility / Sub-meter | B37: Jan | C37: Feb | D37: Mar | E37: Apr | F37: May | G37: Jun | H37: Max |Δ%|
A38: CHILLER 1,2 | B38: =IF($I7=0,0,(C7-$I7)/$I7) -> -0.18786107 | C38: =IF($I7=0,0,(D7-$I7)/$I7) -> -0.1527923 | D38: =IF($I7=0,0,(E7-$I7)/$I7) -> 0.032544704 | E38: =IF($I7=0,0,(F7-$I7)/$I7) -> 0.094229711 | F38: =IF($I7=0,0,(G7-$I7)/$I7) -> 0.13508941 | G38: =IF($I7=0,0,(H7-$I7)/$I7) -> 0.078789546 | H38: =MAX(ABS(B38),ABS(C38),ABS(D38),ABS(E38),ABS(F38),ABS(G38)) -> 0.18786107
A39: AIR COMP 2 | B39: =IF($I8=0,0,(C8-$I8)/$I8) -> -0.027129426 | C39: =IF($I8=0,0,(D8-$I8)/$I8) -> -0.24315917 | D39: =IF($I8=0,0,(E8-$I8)/$I8) -> -0.2444221 | E39: =IF($I8=0,0,(F8-$I8)/$I8) -> 0.04569905 | F39: =IF($I8=0,0,(G8-$I8)/$I8) -> 0.25955377 | G39: =IF($I8=0,0,(H8-$I8)/$I8) -> 0.20945788 | H39: =MAX(ABS(B39),ABS(C39),ABS(D39),ABS(E39),ABS(F39),ABS(G39)) -> 0.25955377
A40: PP-COMP | B40: =IF($I9=0,0,(C9-$I9)/$I9) -> 0.76576296 | C40: =IF($I9=0,0,(D9-$I9)/$I9) -> 0.98767666 | D40: =IF($I9=0,0,(E9-$I9)/$I9) -> 1.1992949 | E40: =IF($I9=0,0,(F9-$I9)/$I9) -> -0.95273453 | F40: =IF($I9=0,0,(G9-$I9)/$I9) -> -1 | G40: =IF($I9=0,0,(H9-$I9)/$I9) -> -1 | H40: =MAX(ABS(B40),ABS(C40),ABS(D40),ABS(E40),ABS(F40),ABS(G40)) -> 1.1992949
A41: PAC-1 | B41: =IF($I10=0,0,(C10-$I10)/$I10) -> -0.13867661 | C41: =IF($I10=0,0,(D10-$I10)/$I10) -> 0.0075094836 | D41: =IF($I10=0,0,(E10-$I10)/$I10) -> -0.25075482 | E41: =IF($I10=0,0,(F10-$I10)/$I10) -> -0.044382265 | F41: =IF($I10=0,0,(G10-$I10)/$I10) -> 0.29430761 | G41: =IF($I10=0,0,(H10-$I10)/$I10) -> 0.13199659 | H41: =MAX(ABS(B41),ABS(C41),ABS(D41),ABS(E41),ABS(F41),ABS(G41)) -> 0.29430761
A42: FRESH AIR | B42: =IF($I11=0,0,(C11-$I11)/$I11) -> -0.072727273 | C42: =IF($I11=0,0,(D11-$I11)/$I11) -> -0.23636364 | D42: =IF($I11=0,0,(E11-$I11)/$I11) -> -0.18181818 | E42: =IF($I11=0,0,(F11-$I11)/$I11) -> 0.090909091 | F42: =IF($I11=0,0,(G11-$I11)/$I11) -> 0.090909091 | G42: =IF($I11=0,0,(H11-$I11)/$I11) -> 0.30909091 | H42: =MAX(ABS(B42),ABS(C42),ABS(D42),ABS(E42),ABS(F42),ABS(G42)) -> 0.30909091
A43: SCRUBER ACID 37 KW | B43: =IF($I12=0,0,(C12-$I12)/$I12) -> -0.089628681 | C43: =IF($I12=0,0,(D12-$I12)/$I12) -> -0.1578105 | D43: =IF($I12=0,0,(E12-$I12)/$I12) -> -0.069462228 | E43: =IF($I12=0,0,(F12-$I12)/$I12) -> 0.07362356 | F43: =IF($I12=0,0,(G12-$I12)/$I12) -> 0.17253521 | G43: =IF($I12=0,0,(H12-$I12)/$I12) -> 0.070742638 | H43: =MAX(ABS(B43),ABS(C43),ABS(D43),ABS(E43),ABS(F43),ABS(G43)) -> 0.17253521
A44: SCRUBER AKLINE 15 KW | B44: =IF($I13=0,0,(C13-$I13)/$I13) -> -0.15356145 | C44: =IF($I13=0,0,(D13-$I13)/$I13) -> -0.086367869 | D44: =IF($I13=0,0,(E13-$I13)/$I13) -> 0.043577927 | E44: =IF($I13=0,0,(F13-$I13)/$I13) -> 0.065641491 | F44: =IF($I13=0,0,(G13-$I13)/$I13) -> 0.036271162 | G44: =IF($I13=0,0,(H13-$I13)/$I13) -> 0.09443874 | H44: =MAX(ABS(B44),ABS(C44),ABS(D44),ABS(E44),ABS(F44),ABS(G44)) -> 0.15356145
A45: WATERTREATMENT PLANT น้ำดี | B45: =IF($I14=0,0,(C14-$I14)/$I14) -> -0.07826087 | C45: =IF($I14=0,0,(D14-$I14)/$I14) -> -0.25217391 | D45: =IF($I14=0,0,(E14-$I14)/$I14) -> 0.031884058 | E45: =IF($I14=0,0,(F14-$I14)/$I14) -> -0.07826087 | F45: =IF($I14=0,0,(G14-$I14)/$I14) -> 0.1884058 | G45: =IF($I14=0,0,(H14-$I14)/$I14) -> 0.1884058 | H45: =MAX(ABS(B45),ABS(C45),ABS(D45),ABS(E45),ABS(F45),ABS(G45)) -> 0.25217391
A46: WATERTREATMENT PLANT น้ำชั้น 2 | B46: =IF($I15=0,0,(C15-$I15)/$I15) -> -0.074072644 | C46: =IF($I15=0,0,(D15-$I15)/$I15) -> -0.28251052 | D46: =IF($I15=0,0,(E15-$I15)/$I15) -> 0.021113985 | E46: =IF($I15=0,0,(F15-$I15)/$I15) -> -0.059018798 | F46: =IF($I15=0,0,(G15-$I15)/$I15) -> 0.13274405 | G46: =IF($I15=0,0,(H15-$I15)/$I15) -> 0.26174393 | H46: =MAX(ABS(B46),ABS(C46),ABS(D46),ABS(E46),ABS(F46),ABS(G46)) -> 0.28251052
A47: DB 5 - IMMG | B47: =IF($I16=0,0,(C16-$I16)/$I16) -> -0.17003066 | C47: =IF($I16=0,0,(D16-$I16)/$I16) -> -0.31771544 | D47: =IF($I16=0,0,(E16-$I16)/$I16) -> 0.15447183 | E47: =IF($I16=0,0,(F16-$I16)/$I16) -> 0.056015311 | F47: =IF($I16=0,0,(G16-$I16)/$I16) -> -0.1372827 | G47: =IF($I16=0,0,(H16-$I16)/$I16) -> 0.41454165 | H47: =MAX(ABS(B47),ABS(C47),ABS(D47),ABS(E47),ABS(F47),ABS(G47)) -> 0.41454165
A48: DB 6 - L/F | B48: =IF($I17=0,0,(C17-$I17)/$I17) -> -0.31143876 | C48: =IF($I17=0,0,(D17-$I17)/$I17) -> -0.12288372 | D48: =IF($I17=0,0,(E17-$I17)/$I17) -> 0.056206293 | E48: =IF($I17=0,0,(F17-$I17)/$I17) -> -0.057895587 | F48: =IF($I17=0,0,(G17-$I17)/$I17) -> 0.1967655 | G48: =IF($I17=0,0,(H17-$I17)/$I17) -> 0.23924628 | H48: =MAX(ABS(B48),ABS(C48),ABS(D48),ABS(E48),ABS(F48),ABS(G48)) -> 0.31143876
A49: DB 4 - INNER | B49: =IF($I18=0,0,(C18-$I18)/$I18) -> -0.12150922 | C49: =IF($I18=0,0,(D18-$I18)/$I18) -> -0.11359877 | D49: =IF($I18=0,0,(E18-$I18)/$I18) -> -0.075197162 | E49: =IF($I18=0,0,(F18-$I18)/$I18) -> -0.11935182 | F49: =IF($I18=0,0,(G18-$I18)/$I18) -> 0.16053407 | G49: =IF($I18=0,0,(H18-$I18)/$I18) -> 0.2691229 | H49: =MAX(ABS(B49),ABS(C49),ABS(D49),ABS(E49),ABS(F49),ABS(G49)) -> 0.2691229
... A64: DB 3 - W/H | B64: =IF($I33=0,0,(C33-$I33)/$I33) -> -0.18590691 | C64: =IF($I33=0,0,(D33-$I33)/$I33) -> -0.093602003 | D64: =IF($I33=0,0,(E33-$I33)/$I33) -> 0.066574161 | E64: =IF($I33=0,0,(F33-$I33)/$I33) -> 0.13516938 | F64: =IF($I33=0,0,(G33-$I33)/$I33) -> 0.05625773 | G64: =IF($I33=0,0,(H33-$I33)/$I33) -> 0.021507647 | H64: =MAX(ABS(B64),ABS(C64),ABS(D64),ABS(E64),ABS(F64),ABS(G64)) -> 0.18590691

Sheet Process-wise Monthly
A1: PROCESS-WISE MONTHLY CONSUMPTION (kWh) — 2026
A4: # | B4: Process Step | C4: Jan | D4: Feb | E4: Mar | F4: Apr | G4: May | H4: Jun | I4: Jul | J4: Aug | K4: Sep | L4: Oct | M4: Nov | N4: Dec | O4: Total
A5: 1 | B5: 1 - Board Cut | C5: =SUMIFS('Source Data'!C$6:C$37,'Source Data'!$B$6:$B$37,$B5) -> 5214 | D5: =SUMIFS('Source Data'!D$6:D$37,'Source Data'!$B$6:$B$37,$B5) -> 6382 | E5: =SUMIFS('Source Data'!E$6:E$37,'Source Data'!$B$6:$B$37,$B5) -> 7029 | F5: =SUMIFS('Source Data'!F$6:F$37,'Source Data'!$B$6:$B$37,$B5) -> 7260 | G5: =SUMIFS('Source Data'!G$6:G$37,'Source Data'!$B$6:$B$37,$B5) -> 7059 | H5: =SUMIFS('Source Data'!H$6:H$37,'Source Data'!$B$6:$B$37,$B5) -> 7333 | I5: =SUMIFS('Source Data'!I$6:I$37,'Source Data'!$B$6:$B$37,$B5) -> 0 | J5: =SUMIFS('Source Data'!J$6:J$37,'Source Data'!$B$6:$B$37,$B5) -> 0 | ... N5: =SUMIFS('Source Data'!N$6:N$37,'Source Data'!$B$6:$B$37,$B5) -> 0 | O5: =SUM(C5:N5) -> 40277
A6: 2 | B6: 2 - Inner Layer Dry Film | C6: =SUMIFS('Source Data'!C$6:C$37,'Source Data'!$B$6:$B$37,$B6) -> 24660 | D6: =SUMIFS('Source Data'!D$6:D$37,'Source Data'!$B$6:$B$37,$B6) -> 16551 | E6: =SUMIFS('Source Data'!E$6:E$37,'Source Data'!$B$6:$B$37,$B6) -> 25002 | F6: =SUMIFS('Source Data'!F$6:F$37,'Source Data'!$B$6:$B$37,$B6) -> 16060 | G6: =SUMIFS('Source Data'!G$6:G$37,'Source Data'!$B$6:$B$37,$B6) -> 21953 | H6: =SUMIFS('Source Data'!H$6:H$37,'Source Data'!$B$6:$B$37,$B6) -> 19261 | I6: =SUMIFS('Source Data'!I$6:I$37,'Source Data'!$B$6:$B$37,$B6) -> 0 | J6: =SUMIFS('Source Data'!J$6:J$37,'Source Data'!$B$6:$B$37,$B6) -> 0 | ... N6: =SUMIFS('Source Data'!N$6:N$37,'Source Data'!$B$6:$B$37,$B6) -> 0 | O6: =SUM(C6:N6) -> 123487
A7: 3 | B7: 3 - Inner Layer Etching | C7: =SUMIFS('Source Data'!C$6:C$37,'Source Data'!$B$6:$B$37,$B7) -> 0 | D7: =SUMIFS('Source Data'!D$6:D$37,'Source Data'!$B$6:$B$37,$B7) -> 81 | E7: =SUMIFS('Source Data'!E$6:E$37,'Source Data'!$B$6:$B$37,$B7) -> 0 | F7: =SUMIFS('Source Data'!F$6:F$37,'Source Data'!$B$6:$B$37,$B7) -> 0 | G7: =SUMIFS('Source Data'!G$6:G$37,'Source Data'!$B$6:$B$37,$B7) -> 355 | H7: =SUMIFS('Source Data'!H$6:H$37,'Source Data'!$B$6:$B$37,$B7) -> 552 | I7: =SUMIFS('Source Data'!I$6:I$37,'Source Data'!$B$6:$B$37,$B7) -> 0 | J7: =SUMIFS('Source Data'!J$6:J$37,'Source Data'!$B$6:$B$37,$B7) -> 0 | ... N7: =SUMIFS('Source Data'!N$6:N$37,'Source Data'!$B$6:$B$37,$B7) -> 0 | O7: =SUM(C7:N7) -> 988
A8: 4 | B8: 4 - Acid Etch | C8: =SUMIFS('Source Data'!C$6:C$37,'Source Data'!$B$6:$B$37,$B8) -> 2817 | D8: =SUMIFS('Source Data'!D$6:D$37,'Source Data'!$B$6:$B$37,$B8) -> 2874 | E8: =SUMIFS('Source Data'!E$6:E$37,'Source Data'!$B$6:$B$37,$B8) -> 2847 | F8: =SUMIFS('Source Data'!F$6:F$37,'Source Data'!$B$6:$B$37,$B8) -> 2668 | G8: =SUMIFS('Source Data'!G$6:G$37,'Source Data'!$B$6:$B$37,$B8) -> 3871 | H8: =SUMIFS('Source Data'!H$6:H$37,'Source Data'!$B$6:$B$37,$B8) -> 3463 | I8: =SUMIFS('Source Data'!I$6:I$37,'Source Data'!$B$6:$B$37,$B8) -> 0 | J8: =SUMIFS('Source Data'!J$6:J$37,'Source Data'!$B$6:$B$37,$B8) -> 0 | ... N8: =SUMIFS('Source Data'!N$6:N$37,'Source Data'!$B$6:$B$37,$B8) -> 0 | O8: =SUM(C8:N8) -> 18540
A9: 5 | B9: 5 - AOI Inner | C9: =SUMIFS('Source Data'!C$6:C$37,'Source Data'!$B$6:$B$37,$B9) -> 1555 | D9: =SUMIFS('Source Data'!D$6:D$37,'Source Data'!$B$6:$B$37,$B9) -> 2099 | E9: =SUMIFS('Source Data'!E$6:E$37,'Source Data'!$B$6:$B$37,$B9) -> 831 | F9: =SUMIFS('Source Data'!F$6:F$37,'Source Data'!$B$6:$B$37,$B9) -> 1788 | G9: =SUMIFS('Source Data'!G$6:G$37,'Source Data'!$B$6:$B$37,$B9) -> 1950 | H9: =SUMIFS('Source Data'!H$6:H$37,'Source Data'!$B$6:$B$37,$B9) -> 1830 | I9: =SUMIFS('Source Data'!I$6:I$37,'Source Data'!$B$6:$B$37,$B9) -> 0 | J9: =SUMIFS('Source Data'!J$6:J$37,'Source Data'!$B$6:$B$37,$B9) -> 0 | ... N9: =SUMIFS('Source Data'!N$6:N$37,'Source Data'!$B$6:$B$37,$B9) -> 0 | O9: =SUM(C9:N9) -> 10053
A10: 6 | B10: 6 - Lamination | C10: =SUMIFS('Source Data'!C$6:C$37,'Source Data'!$B$6:$B$37,$B10) -> 0 | D10: =SUMIFS('Source Data'!D$6:D$37,'Source Data'!$B$6:$B$37,$B10) -> 0 | E10: =SUMIFS('Source Data'!E$6:E$37,'Source Data'!$B$6:$B$37,$B10) -> 0 | F10: =SUMIFS('Source Data'!F$6:F$37,'Source Data'!$B$6:$B$37,$B10) -> 0 | G10: =SUMIFS('Source Data'!G$6:G$37,'Source Data'!$B$6:$B$37,$B10) -> 0 | H10: =SUMIFS('Source Data'!H$6:H$37,'Source Data'!$B$6:$B$37,$B10) -> 0 | I10: =SUMIFS('Source Data'!I$6:I$37,'Source Data'!$B$6:$B$37,$B10) -> 0 | J10: =SUMIFS('Source Data'!J$6:J$37,'Source Data'!$B$6:$B$37,$B10) -> 0 | ... N10: =SUMIFS('Source Data'!N$6:N$37,'Source Data'!$B$6:$B$37,$B10) -> 0 | O10: =SUM(C10:N10) -> 0
A11: 7 | B11: 7 - Drilling | C11: =SUMIFS('Source Data'!C$6:C$37,'Source Data'!$B$6:$B$37,$B11) -> 6525 | D11: =SUMIFS('Source Data'!D$6:D$37,'Source Data'!$B$6:$B$37,$B11) -> 7712 | E11: =SUMIFS('Source Data'!E$6:E$37,'Source Data'!$B$6:$B$37,$B11) -> 6335 | F11: =SUMIFS('Source Data'!F$6:F$37,'Source Data'!$B$6:$B$37,$B11) -> 12478 | G11: =SUMIFS('Source Data'!G$6:G$37,'Source Data'!$B$6:$B$37,$B11) -> 12445 | H11: =SUMIFS('Source Data'!H$6:H$37,'Source Data'!$B$6:$B$37,$B11) -> 14609 | I11: =SUMIFS('Source Data'!I$6:I$37,'Source Data'!$B$6:$B$37,$B11) -> 0 | J11: =SUMIFS('Source Data'!J$6:J$37,'Source Data'!$B$6:$B$37,$B11) -> 0 | ... N11: =SUMIFS('Source Data'!N$6:N$37,'Source Data'!$B$6:$B$37,$B11) -> 0 | O11: =SUM(C11:N11) -> 60104
A12: 8 | B12: 8 - Eclipse (Desmear/PTH) | C12: =SUMIFS('Source Data'!C$6:C$37,'Source Data'!$B$6:$B$37,$B12) -> 49882 | D12: =SUMIFS('Source Data'!D$6:D$37,'Source Data'!$B$6:$B$37,$B12) -> 41098 | E12: =SUMIFS('Source Data'!E$6:E$37,'Source Data'!$B$6:$B$37,$B12) -> 51830 | F12: =SUMIFS('Source Data'!F$6:F$37,'Source Data'!$B$6:$B$37,$B12) -> 42453 | G12: =SUMIFS('Source Data'!G$6:G$37,'Source Data'!$B$6:$B$37,$B12) -> 55812 | H12: =SUMIFS('Source Data'!H$6:H$37,'Source Data'!$B$6:$B$37,$B12) -> 48939 | I12: =SUMIFS('Source Data'!I$6:I$37,'Source Data'!$B$6:$B$37,$B12) -> 0 | J12: =SUMIFS('Source Data'!J$6:J$37,'Source Data'!$B$6:$B$37,$B12) -> 0 | ... N12: =SUMIFS('Source Data'!N$6:N$37,'Source Data'!$B$6:$B$37,$B12) -> 0 | O12: =SUM(C12:N12) -> 290014
A13: 9 | B13: 9 - Panel Plating | C13: =SUMIFS('Source Data'!C$6:C$37,'Source Data'!$B$6:$B$37,$B13) -> 37542 | D13: =SUMIFS('Source Data'!D$6:D$37,'Source Data'!$B$6:$B$37,$B13) -> 28960 | E13: =SUMIFS('Source Data'!E$6:E$37,'Source Data'!$B$6:$B$37,$B13) -> 35629 | F13: =SUMIFS('Source Data'!F$6:F$37,'Source Data'!$B$6:$B$37,$B13) -> 29615 | G13: =SUMIFS('Source Data'!G$6:G$37,'Source Data'!$B$6:$B$37,$B13) -> 37152 | H13: =SUMIFS('Source Data'!H$6:H$37,'Source Data'!$B$6:$B$37,$B13) -> 32682 | I13: =SUMIFS('Source Data'!I$6:I$37,'Source Data'!$B$6:$B$37,$B13) -> 0 | J13: =SUMIFS('Source Data'!J$6:J$37,'Source Data'!$B$6:$B$37,$B13) -> 0 | ... N13: =SUMIFS('Source Data'!N$6:N$37,'Source Data'!$B$6:$B$37,$B13) -> 0 | O13: =SUM(C13:N13) -> 201580
A14: 10 | B14: 10 - Outer Dry Film | C14: =SUMIFS('Source Data'!C$6:C$37,'Source Data'!$B$6:$B$37,$B14) -> 0 | D14: =SUMIFS('Source Data'!D$6:D$37,'Source Data'!$B$6:$B$37,$B14) -> 0 | E14: =SUMIFS('Source Data'!E$6:E$37,'Source Data'!$B$6:$B$37,$B14) -> 0 | F14: =SUMIFS('Source Data'!F$6:F$37,'Source Data'!$B$6:$B$37,$B14) -> 0 | G14: =SUMIFS('Source Data'!G$6:G$37,'Source Data'!$B$6:$B$37,$B14) -> 0 | H14: =SUMIFS('Source Data'!H$6:H$37,'Source Data'!$B$6:$B$37,$B14) -> 0 | I14: =SUMIFS('Source Data'!I$6:I$37,'Source Data'!$B$6:$B$37,$B14) -> 0 | J14: =SUMIFS('Source Data'!J$6:J$37,'Source Data'!$B$6:$B$37,$B14) -> 0 | ... N14: =SUMIFS('Source Data'!N$6:N$37,'Source Data'!$B$6:$B$37,$B14) -> 0 | O14: =SUM(C14:N14) -> 0
A15: 11 | B15: 11 - Pattern Plating | C15: =SUMIFS('Source Data'!C$6:C$37,'Source Data'!$B$6:$B$37,$B15) -> 43743 | D15: =SUMIFS('Source Data'!D$6:D$37,'Source Data'!$B$6:$B$37,$B15) -> 28737 | E15: =SUMIFS('Source Data'!E$6:E$37,'Source Data'!$B$6:$B$37,$B15) -> 42298 | F15: =SUMIFS('Source Data'!F$6:F$37,'Source Data'!$B$6:$B$37,$B15) -> 26636 | G15: =SUMIFS('Source Data'!G$6:G$37,'Source Data'!$B$6:$B$37,$B15) -> 34334 | H15: =SUMIFS('Source Data'!H$6:H$37,'Source Data'!$B$6:$B$37,$B15) -> 31993 | I15: =SUMIFS('Source Data'!I$6:I$37,'Source Data'!$B$6:$B$37,$B15) -> 0 | J15: =SUMIFS('Source Data'!J$6:J$37,'Source Data'!$B$6:$B$37,$B15) -> 0 | ... N15: =SUMIFS('Source Data'!N$6:N$37,'Source Data'!$B$6:$B$37,$B15) -> 0 | O15: =SUM(C15:N15) -> 207741
A16: 12 | B16: 12 - Alkaline Etch | C16: =SUMIFS('Source Data'!C$6:C$37,'Source Data'!$B$6:$B$37,$B16) -> 30614 | D16: =SUMIFS('Source Data'!D$6:D$37,'Source Data'!$B$6:$B$37,$B16) -> 17713 | E16: =SUMIFS('Source Data'!E$6:E$37,'Source Data'!$B$6:$B$37,$B16) -> 25316 | F16: =SUMIFS('Source Data'!F$6:F$37,'Source Data'!$B$6:$B$37,$B16) -> 15083 | G16: =SUMIFS('Source Data'!G$6:G$37,'Source Data'!$B$6:$B$37,$B16) -> 21486 | H16: =SUMIFS('Source Data'!H$6:H$37,'Source Data'!$B$6:$B$37,$B16) -> 20653 | I16: =SUMIFS('Source Data'!I$6:I$37,'Source Data'!$B$6:$B$37,$B16) -> 0 | J16: =SUMIFS('Source Data'!J$6:J$37,'Source Data'!$B$6:$B$37,$B16) -> 0 | ... N16: =SUMIFS('Source Data'!N$6:N$37,'Source Data'!$B$6:$B$37,$B16) -> 0 | O16: =SUM(C16:N16) -> 130865
... A27: 23 | B27: 23 - Package | C27: =SUMIFS('Source Data'!C$6:C$37,'Source Data'!$B$6:$B$37,$B27) -> 0 | D27: =SUMIFS('Source Data'!D$6:D$37,'Source Data'!$B$6:$B$37,$B27) -> 0 | E27: =SUMIFS('Source Data'!E$6:E$37,'Source Data'!$B$6:$B$37,$B27) -> 0 | F27: =SUMIFS('Source Data'!F$6:F$37,'Source Data'!$B$6:$B$37,$B27) -> 0 | G27: =SUMIFS('Source Data'!G$6:G$37,'Source Data'!$B$6:$B$37,$B27) -> 0 | H27: =SUMIFS('Source Data'!H$6:H$37,'Source Data'!$B$6:$B$37,$B27) -> 0 | I27: =SUMIFS('Source Data'!I$6:I$37,'Source Data'!$B$6:$B$37,$B27) -> 0 | J27: =SUMIFS('Source Data'!J$6:J$37,'Source Data'!$B$6:$B$37,$B27) -> 0 | ... N27: =SUMIFS('Source Data'!N$6:N$37,'Source Data'!$B$6:$B$37,$B27) -> 0 | O27: =SUM(C27:N27) -> 0
B28: TOTAL — All Processes | C28: =SUM(C5:C27) -> 272697 | D28: =SUM(D5:D27) -> 217880 | E28: =SUM(E5:E27) -> 273042 | F28: =SUM(F5:F27) -> 215321 | G28: =SUM(G5:G27) -> 274525 | H28: =SUM(H5:H27) -> 250818 | I28: =SUM(I5:I27) -> 0 | J28: =SUM(J5:J27) -> 0 | ... O28: =SUM(O5:O27) -> 1504283
