Workbook

Sheet Summary
A1: STARTEAM PST — Six-Month Electricity Carbon Footprint
A2: Preliminary Scope 2 location-based calculation based on the supplied screenshot and Thailand TGO grid factor.
A4: KPI | B4: Result | D4: Machine / Sub-meter | E4: Electricity (kWh) | F4: Scope 2 (tCO2e)
A5: Emission factor | B5: =Methodology!B6 -> 0.475 | D5: ='Source Energy'!A13 -> VCP | E5: =SUM('Source Energy'!C13:N13) -> 207741 | F5: =E5*Methodology!$B$6/1000 -> 98.676975
A6: Reported electricity | B6: ='Source Energy'!O22 -> 1504283 | D6: ='Source Energy'!A14 -> PANAL PLATE | E6: =SUM('Source Energy'!C14:N14) -> 201580 | F6: =E6*Methodology!$B$6/1000 -> 95.7505
A7: Reported Scope 2 emissions | B7: ='Carbon Footprint'!O22/1000 -> 714.53442 | D7: ='Source Energy'!A15 -> E-CLIP ตู้ที่2 | E7: =SUM('Source Energy'!C15:N15) -> 199947 | F7: =E7*Methodology!$B$6/1000 -> 94.974825
A8: Visible-row Scope 2 emissions | B8: ='Carbon Footprint'!O21/1000 -> 587.05345 | D8: ='Source Energy'!A17 -> ETCHING 1 ติด IMT | E8: =SUM('Source Energy'!C17:N17) -> 90123 | F8: =E8*Methodology!$B$6/1000 -> 42.808425
A9: Unreconciled Scope 2 emissions | B9: ='Carbon Footprint'!O23/1000 -> 127.48097 | D9: ='Source Energy'!A16 -> E-CLIP ตู้ที่3 | E9: =SUM('Source Energy'!C16:N16) -> 78702 | F9: =E9*Methodology!$B$6/1000 -> 37.38345
A12: Important: the reported source total is 1,504,283 kWh, while the monthly values of the visible machine rows total 1,235,902 kWh. The difference is 268,381 kWh (127.48 tCO2e). The original Excel file should be obtained before using this as an assured SBTi inventory.
A28: Boundary: purchased grid electricity only. The workbook does not include fuels, refrigerants, process gases, on-site solar allocation, renewable energy certificates, transmission/distribution losses or other Scope 3 categories.

Sheet Carbon Footprint
A1: CALCULATED CARBON FOOTPRINT — Scope 2 location-based electricity (kg CO2e)
A2: Formula: monthly electricity (kWh) × 0.475 kg CO2e/kWh. The reported source total does not reconcile with the visible machine rows; both totals are shown below.
A3: MACHINE (Process) sub-meter carbon footprint
A4: Machine / Sub-meter | B4: Process Step | C4: Jan | D4: Feb | E4: Mar | F4: Apr | G4: May | H4: Jun | I4: Jul | J4: Aug | K4: Sep | L4: Oct | M4: Nov | N4: Dec | O4: Total
A5: PP-9 | B5: 19 - Routing | C5: ='Source Energy'!C5*Methodology!$B$6 -> 5569.85 | D5: ='Source Energy'!D5*Methodology!$B$6 -> 4448.85 | E5: ='Source Energy'!E5*Methodology!$B$6 -> 6113.25 | F5: ='Source Energy'!F5*Methodology!$B$6 -> 5411.675 | G5: ='Source Energy'!G5*Methodology!$B$6 -> 7108.85 | H5: ='Source Energy'!H5*Methodology!$B$6 -> 6502.75 | I5: ='Source Energy'!I5*Methodology!$B$6 -> 0 | J5: ='Source Energy'!J5*Methodology!$B$6 -> 0 | ... N5: ='Source Energy'!N5*Methodology!$B$6 -> 0 | O5: =SUM(C5:N5) -> 35155.225
A6: DEVERLOP S/M ใหม่ | B6: 14 - Solder Mask | C6: ='Source Energy'!C6*Methodology!$B$6 -> 460.275 | D6: ='Source Energy'!D6*Methodology!$B$6 -> 348.65 | E6: ='Source Energy'!E6*Methodology!$B$6 -> 492.1 | F6: ='Source Energy'!F6*Methodology!$B$6 -> 389.975 | G6: ='Source Energy'!G6*Methodology!$B$6 -> 479.275 | H6: ='Source Energy'!H6*Methodology!$B$6 -> 492.1 | I6: ='Source Energy'!I6*Methodology!$B$6 -> 0 | J6: ='Source Energy'!J6*Methodology!$B$6 -> 0 | ... N6: ='Source Energy'!N6*Methodology!$B$6 -> 0 | O6: =SUM(C6:N6) -> 2662.375
A7: PRETREATMENT S/M เก่า | B7: 14 - Solder Mask | C7: ='Source Energy'!C7*Methodology!$B$6 -> 3416.675 | D7: ='Source Energy'!D7*Methodology!$B$6 -> 2810.575 | E7: ='Source Energy'!E7*Methodology!$B$6 -> 4175.725 | F7: ='Source Energy'!F7*Methodology!$B$6 -> 3489.825 | G7: ='Source Energy'!G7*Methodology!$B$6 -> 4275.475 | H7: ='Source Energy'!H7*Methodology!$B$6 -> 4026.575 | I7: ='Source Energy'!I7*Methodology!$B$6 -> 0 | J7: ='Source Energy'!J7*Methodology!$B$6 -> 0 | ... N7: ='Source Energy'!N7*Methodology!$B$6 -> 0 | O7: =SUM(C7:N7) -> 22194.85
A8: PRETREATMENT S/M ใหม่ | B8: 14 - Solder Mask | C8: ='Source Energy'!C8*Methodology!$B$6 -> 1533.775 | D8: ='Source Energy'!D8*Methodology!$B$6 -> 1243.075 | E8: ='Source Energy'!E8*Methodology!$B$6 -> 1924.225 | F8: ='Source Energy'!F8*Methodology!$B$6 -> 1782.2 | G8: ='Source Energy'!G8*Methodology!$B$6 -> 2331.3 | H8: ='Source Energy'!H8*Methodology!$B$6 -> 2721.275 | I8: ='Source Energy'!I8*Methodology!$B$6 -> 0 | J8: ='Source Energy'!J8*Methodology!$B$6 -> 0 | ... N8: ='Source Energy'!N8*Methodology!$B$6 -> 0 | O8: =SUM(C8:N8) -> 11535.85
A9: PP-1 LDI | B9: 2 - Inner Layer Dry Film | C9: ='Source Energy'!C9*Methodology!$B$6 -> 2650.975 | D9: ='Source Energy'!D9*Methodology!$B$6 -> 2359.8 | E9: ='Source Energy'!E9*Methodology!$B$6 -> 2862.825 | F9: ='Source Energy'!F9*Methodology!$B$6 -> 2433.425 | G9: ='Source Energy'!G9*Methodology!$B$6 -> 2722.225 | H9: ='Source Energy'!H9*Methodology!$B$6 -> 2584 | I9: ='Source Energy'!I9*Methodology!$B$6 -> 0 | J9: ='Source Energy'!J9*Methodology!$B$6 -> 0 | ... N9: ='Source Energy'!N9*Methodology!$B$6 -> 0 | O9: =SUM(C9:N9) -> 15613.25
A10: PP-2 | B10: 7 - Drilling | C10: ='Source Energy'!C10*Methodology!$B$6 -> 3099.375 | D10: ='Source Energy'!D10*Methodology!$B$6 -> 3406.7 | E10: ='Source Energy'!E10*Methodology!$B$6 -> 3009.125 | F10: ='Source Energy'!F10*Methodology!$B$6 -> 5927.05 | G10: ='Source Energy'!G10*Methodology!$B$6 -> 5911.375 | H10: ='Source Energy'!H10*Methodology!$B$6 -> 6939.275 | I10: ='Source Energy'!I10*Methodology!$B$6 -> 0 | J10: ='Source Energy'!J10*Methodology!$B$6 -> 0 | ... N10: ='Source Energy'!N10*Methodology!$B$6 -> 0 | O10: =SUM(C10:N10) -> 28292.9
A11: DEVERLOP D/F | B11: 2 - Inner Layer Dry Film | C11: ='Source Energy'!C11*Methodology!$B$6 -> 2819.125 | D11: ='Source Energy'!D11*Methodology!$B$6 -> 1830.175 | E11: ='Source Energy'!E11*Methodology!$B$6 -> 2792.525 | F11: ='Source Energy'!F11*Methodology!$B$6 -> 1600.75 | G11: ='Source Energy'!G11*Methodology!$B$6 -> 2367.4 | H11: ='Source Energy'!H11*Methodology!$B$6 -> 2002.125 | I11: ='Source Energy'!I11*Methodology!$B$6 -> 0 | J11: ='Source Energy'!J11*Methodology!$B$6 -> 0 | ... N11: ='Source Energy'!N11*Methodology!$B$6 -> 0 | O11: =SUM(C11:N11) -> 13412.1
A12: PRETREATMENT D/F | B12: 2 - Inner Layer Dry Film | C12: ='Source Energy'!C12*Methodology!$B$6 -> 6243.4 | D12: ='Source Energy'!D12*Methodology!$B$6 -> 3671.75 | E12: ='Source Energy'!E12*Methodology!$B$6 -> 6220.6 | F12: ='Source Energy'!F12*Methodology!$B$6 -> 3594.325 | G12: ='Source Energy'!G12*Methodology!$B$6 -> 5338.05 | H12: ='Source Energy'!H12*Methodology!$B$6 -> 4562.85 | I12: ='Source Energy'!I12*Methodology!$B$6 -> 0 | J12: ='Source Energy'!J12*Methodology!$B$6 -> 0 | ... N12: ='Source Energy'!N12*Methodology!$B$6 -> 0 | O12: =SUM(C12:N12) -> 29630.975
A13: VCP | B13: 11 - Pattern Plating | C13: ='Source Energy'!C13*Methodology!$B$6 -> 20777.925 | D13: ='Source Energy'!D13*Methodology!$B$6 -> 13650.075 | E13: ='Source Energy'!E13*Methodology!$B$6 -> 20091.55 | F13: ='Source Energy'!F13*Methodology!$B$6 -> 12652.1 | G13: ='Source Energy'!G13*Methodology!$B$6 -> 16308.65 | H13: ='Source Energy'!H13*Methodology!$B$6 -> 15196.675 | I13: ='Source Energy'!I13*Methodology!$B$6 -> 0 | J13: ='Source Energy'!J13*Methodology!$B$6 -> 0 | ... N13: ='Source Energy'!N13*Methodology!$B$6 -> 0 | O13: =SUM(C13:N13) -> 98676.975
A14: PANAL PLATE | B14: 9 - Panel Plating | C14: ='Source Energy'!C14*Methodology!$B$6 -> 17832.45 | D14: ='Source Energy'!D14*Methodology!$B$6 -> 13756 | E14: ='Source Energy'!E14*Methodology!$B$6 -> 16923.775 | F14: ='Source Energy'!F14*Methodology!$B$6 -> 14067.125 | G14: ='Source Energy'!G14*Methodology!$B$6 -> 17647.2 | H14: ='Source Energy'!H14*Methodology!$B$6 -> 15523.95 | I14: ='Source Energy'!I14*Methodology!$B$6 -> 0 | J14: ='Source Energy'!J14*Methodology!$B$6 -> 0 | ... N14: ='Source Energy'!N14*Methodology!$B$6 -> 0 | O14: =SUM(C14:N14) -> 95750.5
A15: E-CLIP ตู้ที่2 | B15: 8 - Eclipse (Desmear/PTH) | C15: ='Source Energy'!C15*Methodology!$B$6 -> 15381.925 | D15: ='Source Energy'!D15*Methodology!$B$6 -> 18027.675 | E15: ='Source Energy'!E15*Methodology!$B$6 -> 16030.775 | F15: ='Source Energy'!F15*Methodology!$B$6 -> 13184.1 | G15: ='Source Energy'!G15*Methodology!$B$6 -> 17421.1 | H15: ='Source Energy'!H15*Methodology!$B$6 -> 14929.25 | I15: ='Source Energy'!I15*Methodology!$B$6 -> 0 | J15: ='Source Energy'!J15*Methodology!$B$6 -> 0 | ... N15: ='Source Energy'!N15*Methodology!$B$6 -> 0 | O15: =SUM(C15:N15) -> 94974.825
A16: E-CLIP ตู้ที่3 | B16: 8 - Eclipse (Desmear/PTH) | C16: ='Source Energy'!C16*Methodology!$B$6 -> 6571.15 | D16: ='Source Energy'!D16*Methodology!$B$6 -> 5031.675 | E16: ='Source Energy'!E16*Methodology!$B$6 -> 6861.375 | F16: ='Source Energy'!F16*Methodology!$B$6 -> 5554.175 | G16: ='Source Energy'!G16*Methodology!$B$6 -> 7077.5 | H16: ='Source Energy'!H16*Methodology!$B$6 -> 6287.575 | I16: ='Source Energy'!I16*Methodology!$B$6 -> 0 | J16: ='Source Energy'!J16*Methodology!$B$6 -> 0 | ... N16: ='Source Energy'!N16*Methodology!$B$6 -> 0 | O16: =SUM(C16:N16) -> 37383.45
... A20: PP-10 | B20: 1 - Board Cut | C20: ='Source Energy'!C20*Methodology!$B$6 -> 2476.65 | D20: ='Source Energy'!D20*Methodology!$B$6 -> 3031.45 | E20: ='Source Energy'!E20*Methodology!$B$6 -> 3338.775 | F20: ='Source Energy'!F20*Methodology!$B$6 -> 3448.5 | G20: ='Source Energy'!G20*Methodology!$B$6 -> 3353.025 | H20: ='Source Energy'!H20*Methodology!$B$6 -> 3483.175 | I20: ='Source Energy'!I20*Methodology!$B$6 -> 0 | J20: ='Source Energy'!J20*Methodology!$B$6 -> 0 | ... N20: ='Source Energy'!N20*Methodology!$B$6 -> 0 | O20: =SUM(C20:N20) -> 19131.575
B21: TOTAL — Visible Rows | C21: =SUM(C5:C20) -> 107214.62 | D21: =SUM(D5:D20) -> 85226.875 | E21: =SUM(E5:E20) -> 106790.45 | F21: =SUM(F5:F20) -> 83694.525 | G21: =SUM(G5:G20) -> 106141.12 | H21: =SUM(H5:H20) -> 97985.85 | I21: =SUM(I5:I20) -> 0 | J21: =SUM(J5:J20) -> 0 | ... O21: =SUM(O5:O20) -> 587053.45
B22: REPORTED TOTAL — Source Table | C22: ='Source Energy'!C22*Methodology!$B$6 -> 129531.07 | D22: ='Source Energy'!D22*Methodology!$B$6 -> 103493 | E22: ='Source Energy'!E22*Methodology!$B$6 -> 129694.95 | F22: ='Source Energy'!F22*Methodology!$B$6 -> 102277.47 | G22: ='Source Energy'!G22*Methodology!$B$6 -> 130399.38 | H22: ='Source Energy'!H22*Methodology!$B$6 -> 119138.55 | I22: ='Source Energy'!I22*Methodology!$B$6 -> 0 | J22: ='Source Energy'!J22*Methodology!$B$6 -> 0 | ... O22: ='Source Energy'!O22*Methodology!$B$6 -> 714534.42
B23: UNRECONCILED DIFFERENCE | C23: =C22-C21 -> 22316.45 | D23: =D22-D21 -> 18266.125 | E23: =E22-E21 -> 22904.5 | F23: =F22-F21 -> 18582.95 | G23: =G22-G21 -> 24258.25 | H23: =H22-H21 -> 21152.7 | I23: =I22-I21 -> 0 | J23: =J22-J21 -> 0 | ... O23: =O22-O21 -> 127480.97

Sheet Source Energy
A1: SOURCE DATA — Sub-metered monthly electricity (kWh)
A3: MACHINE (Process) sub-meters
A4: Machine / Sub-meter | B4: Process Step | C4: Jan | D4: Feb | E4: Mar | F4: Apr | G4: May | H4: Jun | I4: Jul | J4: Aug | K4: Sep | L4: Oct | M4: Nov | N4: Dec | O4: Provided Total
A5: PP-9 | B5: 19 - Routing | C5: 11726 | D5: 9366 | E5: 12870 | F5: 11393 | G5: 14966 | H5: 13690 | I5: 0 | J5: 0 | K5: 0 | L5: 0 | M5: 0 | N5: 0 | O5: 74011
A6: DEVERLOP S/M ใหม่ | B6: 14 - Solder Mask | C6: 969 | D6: 734 | E6: 1036 | F6: 821 | G6: 1009 | H6: 1036 | I6: 0 | J6: 0 | K6: 0 | L6: 0 | M6: 0 | N6: 0 | O6: 5605
A7: PRETREATMENT S/M เก่า | B7: 14 - Solder Mask | C7: 7193 | D7: 5917 | E7: 8791 | F7: 7347 | G7: 9001 | H7: 8477 | I7: 0 | J7: 0 | K7: 0 | L7: 0 | M7: 0 | N7: 0 | O7: 46726
A8: PRETREATMENT S/M ใหม่ | B8: 14 - Solder Mask | C8: 3229 | D8: 2617 | E8: 4051 | F8: 3752 | G8: 4908 | H8: 5729 | I8: 0 | J8: 0 | K8: 0 | L8: 0 | M8: 0 | N8: 0 | O8: 24286
A9: PP-1 LDI | B9: 2 - Inner Layer Dry Film | C9: 5581 | D9: 4968 | E9: 6027 | F9: 5123 | G9: 5731 | H9: 5440 | I9: 0 | J9: 0 | K9: 0 | L9: 0 | M9: 0 | N9: 0 | O9: 32870
A10: PP-2 | B10: 7 - Drilling | C10: 6525 | D10: 7172 | E10: 6335 | F10: 12478 | G10: 12445 | H10: 14609 | I10: 0 | J10: 0 | K10: 0 | L10: 0 | M10: 0 | N10: 0 | O10: 60104
A11: DEVERLOP D/F | B11: 2 - Inner Layer Dry Film | C11: 5935 | D11: 3853 | E11: 5879 | F11: 3370 | G11: 4984 | H11: 4215 | I11: 0 | J11: 0 | K11: 0 | L11: 0 | M11: 0 | N11: 0 | O11: 28236
A12: PRETREATMENT D/F | B12: 2 - Inner Layer Dry Film | C12: 13144 | D12: 7730 | E12: 13096 | F12: 7567 | G12: 11238 | H12: 9606 | I12: 0 | J12: 0 | K12: 0 | L12: 0 | M12: 0 | N12: 0 | O12: 62381
A13: VCP | B13: 11 - Pattern Plating | C13: 43743 | D13: 28737 | E13: 42298 | F13: 26636 | G13: 34334 | H13: 31993 | I13: 0 | J13: 0 | K13: 0 | L13: 0 | M13: 0 | N13: 0 | O13: 207741
A14: PANAL PLATE | B14: 9 - Panel Plating | C14: 37542 | D14: 28960 | E14: 35629 | F14: 29615 | G14: 37152 | H14: 32682 | I14: 0 | J14: 0 | K14: 0 | L14: 0 | M14: 0 | N14: 0 | O14: 201580
A15: E-CLIP ตู้ที่2 | B15: 8 - Eclipse (Desmear/PTH) | C15: 32383 | D15: 37953 | E15: 33749 | F15: 27756 | G15: 36676 | H15: 31430 | I15: 0 | J15: 0 | K15: 0 | L15: 0 | M15: 0 | N15: 0 | O15: 189929
A16: E-CLIP ตู้ที่3 | B16: 8 - Eclipse (Desmear/PTH) | C16: 13834 | D16: 10593 | E16: 14445 | F16: 11693 | G16: 14900 | H16: 13237 | I16: 0 | J16: 0 | K16: 0 | L16: 0 | M16: 0 | N16: 0 | O16: 78702
... A20: PP-10 | B20: 1 - Board Cut | C20: 5214 | D20: 6382 | E20: 7029 | F20: 7260 | G20: 7059 | H20: 7333 | I20: 0 | J20: 0 | K20: 0 | L20: 0 | M20: 0 | N20: 0 | O20: 40277
B21: TOTAL — Visible Rows | C21: =SUM(C5:C20) -> 225715 | D21: =SUM(D5:D20) -> 179425 | E21: =SUM(E5:E20) -> 224822 | F21: =SUM(F5:F20) -> 176199 | G21: =SUM(G5:G20) -> 223455 | H21: =SUM(H5:H20) -> 206286 | I21: =SUM(I5:I20) -> 0 | J21: =SUM(J5:J20) -> 0 | ... O21: =SUM(O5:O20) -> 1226424
B22: REPORTED TOTAL — Source Table | C22: 272697 | D22: 217880 | E22: 273042 | F22: 215321 | G22: 274525 | H22: 250818 | I22: 0 | J22: 0 | K22: 0 | L22: 0 | M22: 0 | N22: 0 | O22: 1504283
B23: UNRECONCILED DIFFERENCE | C23: =C22-C21 -> 46982 | D23: =D22-D21 -> 38455 | E23: =E22-E21 -> 48220 | F23: =F22-F21 -> 39122 | G23: =G22-G21 -> 51070 | H23: =H22-H21 -> 44532 | I23: =I22-I21 -> 0 | J23: =J22-J21 -> 0 | ... O23: =O22-O21 -> 277859

Sheet Reconciliation
A1: Data Reconciliation and Quality Checks
A3: Machine / Sub-meter | B3: Calculated Total from Months (kWh) | C3: Provided Row Total (kWh) | D3: Difference (Provided − Calculated) | E3: Calculated Scope 2 (kg CO2e) | F3: Provided-total Scope 2 (kg CO2e) | G3: Check | H3: Comment
A4: PP-9 | B4: =SUM('Source Energy'!C5:N5) -> 74011 | C4: ='Source Energy'!O5 -> 74011 | D4: =C4-B4 -> 0 | E4: =B4*Methodology!$B$6 -> 35155.225 | F4: =C4*Methodology!$B$6 -> 35155.225 | G4: =IF(D4=0,"OK","REVIEW") -> OK | H4: =IF(D4=0,"","Provided row total differs from the sum of monthly values.")
A5: DEVERLOP S/M ใหม่ | B5: =SUM('Source Energy'!C6:N6) -> 5605 | C5: ='Source Energy'!O6 -> 5605 | D5: =C5-B5 -> 0 | E5: =B5*Methodology!$B$6 -> 2662.375 | F5: =C5*Methodology!$B$6 -> 2662.375 | G5: =IF(D5=0,"OK","REVIEW") -> OK | H5: =IF(D5=0,"","Provided row total differs from the sum of monthly values.")
A6: PRETREATMENT S/M เก่า | B6: =SUM('Source Energy'!C7:N7) -> 46726 | C6: ='Source Energy'!O7 -> 46726 | D6: =C6-B6 -> 0 | E6: =B6*Methodology!$B$6 -> 22194.85 | F6: =C6*Methodology!$B$6 -> 22194.85 | G6: =IF(D6=0,"OK","REVIEW") -> OK | H6: =IF(D6=0,"","Provided row total differs from the sum of monthly values.")
A7: PRETREATMENT S/M ใหม่ | B7: =SUM('Source Energy'!C8:N8) -> 24286 | C7: ='Source Energy'!O8 -> 24286 | D7: =C7-B7 -> 0 | E7: =B7*Methodology!$B$6 -> 11535.85 | F7: =C7*Methodology!$B$6 -> 11535.85 | G7: =IF(D7=0,"OK","REVIEW") -> OK | H7: =IF(D7=0,"","Provided row total differs from the sum of monthly values.")
A8: PP-1 LDI | B8: =SUM('Source Energy'!C9:N9) -> 32870 | C8: ='Source Energy'!O9 -> 32870 | D8: =C8-B8 -> 0 | E8: =B8*Methodology!$B$6 -> 15613.25 | F8: =C8*Methodology!$B$6 -> 15613.25 | G8: =IF(D8=0,"OK","REVIEW") -> OK | H8: =IF(D8=0,"","Provided row total differs from the sum of monthly values.")
A9: PP-2 | B9: =SUM('Source Energy'!C10:N10) -> 59564 | C9: ='Source Energy'!O10 -> 60104 | D9: =C9-B9 -> 540 | E9: =B9*Methodology!$B$6 -> 28292.9 | F9: =C9*Methodology!$B$6 -> 28549.4 | G9: =IF(D9=0,"OK","REVIEW") -> REVIEW | H9: =IF(D9=0,"","Provided row total differs from the sum of monthly values.") -> Provided row total differs from the sum of monthly values.
A10: DEVERLOP D/F | B10: =SUM('Source Energy'!C11:N11) -> 28236 | C10: ='Source Energy'!O11 -> 28236 | D10: =C10-B10 -> 0 | E10: =B10*Methodology!$B$6 -> 13412.1 | F10: =C10*Methodology!$B$6 -> 13412.1 | G10: =IF(D10=0,"OK","REVIEW") -> OK | H10: =IF(D10=0,"","Provided row total differs from the sum of monthly values.")
A11: PRETREATMENT D/F | B11: =SUM('Source Energy'!C12:N12) -> 62381 | C11: ='Source Energy'!O12 -> 62381 | D11: =C11-B11 -> 0 | E11: =B11*Methodology!$B$6 -> 29630.975 | F11: =C11*Methodology!$B$6 -> 29630.975 | G11: =IF(D11=0,"OK","REVIEW") -> OK | H11: =IF(D11=0,"","Provided row total differs from the sum of monthly values.")
A12: VCP | B12: =SUM('Source Energy'!C13:N13) -> 207741 | C12: ='Source Energy'!O13 -> 207741 | D12: =C12-B12 -> 0 | E12: =B12*Methodology!$B$6 -> 98676.975 | F12: =C12*Methodology!$B$6 -> 98676.975 | G12: =IF(D12=0,"OK","REVIEW") -> OK | H12: =IF(D12=0,"","Provided row total differs from the sum of monthly values.")
A13: PANAL PLATE | B13: =SUM('Source Energy'!C14:N14) -> 201580 | C13: ='Source Energy'!O14 -> 201580 | D13: =C13-B13 -> 0 | E13: =B13*Methodology!$B$6 -> 95750.5 | F13: =C13*Methodology!$B$6 -> 95750.5 | G13: =IF(D13=0,"OK","REVIEW") -> OK | H13: =IF(D13=0,"","Provided row total differs from the sum of monthly values.")
A14: E-CLIP ตู้ที่2 | B14: =SUM('Source Energy'!C15:N15) -> 199947 | C14: ='Source Energy'!O15 -> 189929 | D14: =C14-B14 -> -10018 | E14: =B14*Methodology!$B$6 -> 94974.825 | F14: =C14*Methodology!$B$6 -> 90216.275 | G14: =IF(D14=0,"OK","REVIEW") -> REVIEW | H14: =IF(D14=0,"","Provided row total differs from the sum of monthly values.") -> Provided row total differs from the sum of monthly values.
A15: E-CLIP ตู้ที่3 | B15: =SUM('Source Energy'!C16:N16) -> 78702 | C15: ='Source Energy'!O16 -> 78702 | D15: =C15-B15 -> 0 | E15: =B15*Methodology!$B$6 -> 37383.45 | F15: =C15*Methodology!$B$6 -> 37383.45 | G15: =IF(D15=0,"OK","REVIEW") -> OK | H15: =IF(D15=0,"","Provided row total differs from the sum of monthly values.")
... A19: PP-10 | B19: =SUM('Source Energy'!C20:N20) -> 40277 | C19: ='Source Energy'!O20 -> 40277 | D19: =C19-B19 -> 0 | E19: =B19*Methodology!$B$6 -> 19131.575 | F19: =C19*Methodology!$B$6 -> 19131.575 | G19: =IF(D19=0,"OK","REVIEW") -> OK | H19: =IF(D19=0,"","Provided row total differs from the sum of monthly values.")
A21: Overall Check | B21: Energy (kWh) | C21: Scope 2 (kg CO2e) | D21: Scope 2 (tCO2e)
A22: Visible machine rows | B22: ='Source Energy'!O21 -> 1226424 | C22: ='Carbon Footprint'!O21 -> 587053.45 | D22: =C22/1000 -> 587.05345
A23: Reported source total | B23: ='Source Energy'!O22 -> 1504283 | C23: ='Carbon Footprint'!O22 -> 714534.42 | D23: =C23/1000 -> 714.53442
A24: Unreconciled difference | B24: ='Source Energy'!O23 -> 277859 | C24: ='Carbon Footprint'!O23 -> 127480.97 | D24: =C24/1000 -> 127.48097

Sheet Methodology
A1: Methodology and Emission Factor
A3: Parameter | B3: Value | C3: Unit / Basis | D3: Notes | E3: Source | F3: Status
A4: Facility | B4: PST Factory, Prachinburi, Thailand | D4: STARTEAM PCB manufacturing facility. | E4: https://starteam.global/our-factories/pst-factory/ | F4: Confirmed
A5: Reporting category | B5: Scope 2 — purchased electricity | D5: Location-based calculation using Thai grid electricity. | E5: https://ghgprotocol.org/scope-2-guidance | F5: Calculated
A6: Electricity emission factor | B6: 0.475 | C6: kg CO2e/kWh | D6: TGO grid mix 2022–2024, CFO Scope 2. | E6: https://thaicarbonlabel.tgo.or.th/index.php?lang=EN&mod=YjNKbllXNXBlbUYwYVc5dVgyVnRhWE56YVc5dQ | F6: Current factor used
A7: Calculation | B7: Electricity consumption × emission factor | C7: kg CO2e | D7: Example: 1,000 kWh × 0.475 = 475 kg CO2e. | F7: Formula
A8: Carbon unit conversion | B8: 1,000 kg CO2e = 1 tCO2e | F8: Reference
A9: Market-based result | B9: Not calculated | D9: Requires supplier-specific factor and/or qualifying renewable energy certificates or contractual instruments. | E9: https://ghgprotocol.org/scope-2-frequently-asked-questions | F9: Data required
A10: Scope 3 electricity-related emissions | B10: Not included | D10: Upstream fuel and electricity-related Scope 3 emissions are outside this requested Scope 2 table. | F10: Excluded
A11: Data period | B11: January–June (six months) | D11: July–December are shown as zero in the supplied table. | F11: Source data
